"CUSTOMER","PRODUCT","1/3 PURCHASED BY MONTH"
"Bloom","Bread",3
"Bloom","Butter",9
"Bloom","Coke",7
"Bloom","Cookies",7
"Bloom","Eggs",4
"Bloom","Fruits",4
"Bloom","Milk",4
"Bloom","Pepsi",9
"Bloom","Soap",4
"Bloom","Yogurt",4
"Emily","Bread",4
"Emily","Butter",6
"Emily","Coke",2
"Emily","Cookies",5
"Emily","Eggs",7
"Emily","Fruits",4
"Emily","Milk",4
"Emily","Pepsi",3
"Emily","Soap",8
"Emily","Yogurt",3
"Helen","Bread",5
"Helen","Butter",2
"Helen","Coke",5
"Helen","Cookies",7
"Helen","Eggs",6
"Helen","Fruits",3
"Helen","Milk",2
"Helen","Pepsi",3
"Helen","Soap",7
"Helen","Yogurt",4
"Knuth","Bread",3
"Knuth","Butter",3
"Knuth","Coke",4
"Knuth","Cookies",6
"Knuth","Eggs",4
"Knuth","Fruits",4
"Knuth","Milk",4
"Knuth","Pepsi",6
"Knuth","Soap",8
"Knuth","Yogurt",3
"Sam","Bread",6
"Sam","Butter",6
"Sam","Coke",1
"Sam","Cookies",11
"Sam","Eggs",3
"Sam","Fruits",9
"Sam","Milk",2
"Sam","Pepsi",6
"Sam","Soap",4
"Sam","Yogurt",5
